subject_id,candidate,role,score,negative_training_score,margin
CLIENT-MOUSE-0030,A_saved_global,exploratory_held_out_positive,0.8528541465196852,0.017170125117181936,0.8356840214025032
CLIENT-MOUSE-0031,A_saved_global,exploratory_held_out_positive,0.7924743670691178,0.017476146538673305,0.7749982205304444
CLIENT-MOUSE-0032,A_saved_global,exploratory_held_out_positive,0.9672292923479484,0.018692794765562907,0.9485364975823855
CLIENT-MOUSE-0033,A_saved_global,exploratory_held_out_positive,0.9843468840800793,0.01799946499230731,0.966347419087772
CLIENT-MOUSE-0034,A_saved_global,exploratory_held_out_positive,0.8222375511208969,0.016904895034271273,0.8053326560866256
CLIENT-MOUSE-0035,A_saved_global,exploratory_held_out_positive,0.7803229491583507,0.01791004386200336,0.7624129052963473
CLIENT-MOUSE-0036,A_saved_global,exploratory_held_out_positive,0.8061478894002589,0.017757590069825004,0.7883902993304339
CLIENT-MOUSE-0037,A_saved_global,exploratory_held_out_positive,0.9705183998216568,0.01884295834670634,0.9516754414749504
CLIENT-MOUSE-0038,A_saved_global,all_subject_fit_negative_NOT_TEST,0.018557481175363627,,
CLIENT-MOUSE-0030,M_response_morphology,exploratory_held_out_positive,0.33538384223097606,0.3734112653976708,-0.03802742316669472
CLIENT-MOUSE-0031,M_response_morphology,exploratory_held_out_positive,0.393451820146055,0.39116737451923717,0.0022844456268178437
CLIENT-MOUSE-0032,M_response_morphology,exploratory_held_out_positive,0.6377202811870581,0.4277891284903382,0.20993115269671997
CLIENT-MOUSE-0033,M_response_morphology,exploratory_held_out_positive,0.6678269812705661,0.43137246172348964,0.2364545195470764
CLIENT-MOUSE-0034,M_response_morphology,exploratory_held_out_positive,0.601839029256124,0.42720134457593123,0.17463768468019275
CLIENT-MOUSE-0035,M_response_morphology,exploratory_held_out_positive,0.5394168347251026,0.4216881811142968,0.11772865361080581
CLIENT-MOUSE-0036,M_response_morphology,exploratory_held_out_positive,0.5820493030360414,0.42389172606746417,0.15815757696857724
CLIENT-MOUSE-0037,M_response_morphology,exploratory_held_out_positive,0.6470124914838967,0.4237286526262051,0.2232838388576916
CLIENT-MOUSE-0038,M_response_morphology,all_subject_fit_negative_NOT_TEST,0.4189325900051612,,
CLIENT-MOUSE-0030,D_0038_global_anchor,exploratory_held_out_positive,0.6959757985191405,0.3459623176781508,0.3500134808409897
CLIENT-MOUSE-0031,D_0038_global_anchor,exploratory_held_out_positive,0.6366984428316607,0.34757779042018605,0.2891206524114746
CLIENT-MOUSE-0032,D_0038_global_anchor,exploratory_held_out_positive,0.6638720317803827,0.3478212442643773,0.31605078751600535
CLIENT-MOUSE-0033,D_0038_global_anchor,exploratory_held_out_positive,0.737977201690135,0.3403391179081579,0.3976380837819771
CLIENT-MOUSE-0034,D_0038_global_anchor,exploratory_held_out_positive,0.6418744307604954,0.34775909047203174,0.2941153402884637
CLIENT-MOUSE-0035,D_0038_global_anchor,exploratory_held_out_positive,0.5417443730060246,0.33252090387268857,0.20922346913333606
CLIENT-MOUSE-0036,D_0038_global_anchor,exploratory_held_out_positive,0.5986147280045927,0.34420969600375884,0.25440503200083386
CLIENT-MOUSE-0037,D_0038_global_anchor,exploratory_held_out_positive,0.6562845452164232,0.3479272413153521,0.30835730390107113
CLIENT-MOUSE-0038,D_0038_global_anchor,all_subject_fit_negative_NOT_TEST,0.33672746265012,,
CLIENT-MOUSE-0030,B_physical_unknown_full_field,exploratory_held_out_positive,0.5037005590050911,0.4446361434139915,0.05906441559109965
CLIENT-MOUSE-0031,B_physical_unknown_full_field,exploratory_held_out_positive,0.44869798141793166,0.43111437099867705,0.017583610419254603
CLIENT-MOUSE-0032,B_physical_unknown_full_field,exploratory_held_out_positive,0.7608961705632814,0.43570111911012643,0.32519505145315497
CLIENT-MOUSE-0033,B_physical_unknown_full_field,exploratory_held_out_positive,0.5131115354338179,0.44645346394161894,0.06665807149219899
CLIENT-MOUSE-0034,B_physical_unknown_full_field,exploratory_held_out_positive,0.6337493393857481,0.45193468833395767,0.1818146510517904
CLIENT-MOUSE-0035,B_physical_unknown_full_field,exploratory_held_out_positive,0.5062162124613776,0.4451394140323704,0.061076798429007206
CLIENT-MOUSE-0036,B_physical_unknown_full_field,exploratory_held_out_positive,0.5462951564406942,0.4512732821686902,0.09502187427200393
CLIENT-MOUSE-0037,B_physical_unknown_full_field,exploratory_held_out_positive,0.5467152194130079,0.45131711175966044,0.0953981076533475
CLIENT-MOUSE-0038,B_physical_unknown_full_field,all_subject_fit_negative_NOT_TEST,0.44596654842183375,,
CLIENT-MOUSE-0030,C_fixed_pool_unknown_full_field,exploratory_held_out_positive,0.48432279887034213,0.33809426102547013,0.146228537844872
CLIENT-MOUSE-0031,C_fixed_pool_unknown_full_field,exploratory_held_out_positive,0.615157256549496,0.3509266539906491,0.26423060255884695
CLIENT-MOUSE-0032,C_fixed_pool_unknown_full_field,exploratory_held_out_positive,0.7690805125508197,0.35169773482984934,0.4173827777209703
CLIENT-MOUSE-0033,C_fixed_pool_unknown_full_field,exploratory_held_out_positive,0.5548293205958142,0.35473315754748996,0.20009616304832428
CLIENT-MOUSE-0034,C_fixed_pool_unknown_full_field,exploratory_held_out_positive,0.6908715303398539,0.3635319776354325,0.32733955270442144
CLIENT-MOUSE-0035,C_fixed_pool_unknown_full_field,exploratory_held_out_positive,0.7775766453872494,0.3418481843441465,0.43572846104310287
CLIENT-MOUSE-0036,C_fixed_pool_unknown_full_field,exploratory_held_out_positive,0.609391161165612,0.361996486302131,0.247394674863481
CLIENT-MOUSE-0037,C_fixed_pool_unknown_full_field,exploratory_held_out_positive,0.6574915829700896,0.36425282590478897,0.2932387570653006
CLIENT-MOUSE-0038,C_fixed_pool_unknown_full_field,all_subject_fit_negative_NOT_TEST,0.3525379395827903,,
CLIENT-MOUSE-0030,C_mean_unknown_full_field,exploratory_held_out_positive,0.5283995232519794,0.39028874591818385,0.1381107773337955
CLIENT-MOUSE-0031,C_mean_unknown_full_field,exploratory_held_out_positive,0.7365410834901369,0.38938794487086437,0.34715313861927255
CLIENT-MOUSE-0032,C_mean_unknown_full_field,exploratory_held_out_positive,0.5320119471092913,0.3910944085343375,0.14091753857495382
CLIENT-MOUSE-0033,C_mean_unknown_full_field,exploratory_held_out_positive,0.5611214022587545,0.39647229582322346,0.16464910643553105
CLIENT-MOUSE-0034,C_mean_unknown_full_field,exploratory_held_out_positive,0.5506601217780075,0.3947740125798901,0.1558861091981174
CLIENT-MOUSE-0035,C_mean_unknown_full_field,exploratory_held_out_positive,0.7724182092996404,0.38177012962900075,0.3906480796706397
CLIENT-MOUSE-0036,C_mean_unknown_full_field,exploratory_held_out_positive,0.5670870098344121,0.39731953348455024,0.16976747634986183
CLIENT-MOUSE-0037,C_mean_unknown_full_field,exploratory_held_out_positive,0.598008987740313,0.40028954543198014,0.19771944230833283
CLIENT-MOUSE-0038,C_mean_unknown_full_field,all_subject_fit_negative_NOT_TEST,0.3910211240017602,,
CLIENT-MOUSE-0030,C_max_unknown_full_field,exploratory_held_out_positive,0.49034501656717855,0.49991095936482555,-0.009565942797646998
CLIENT-MOUSE-0031,C_max_unknown_full_field,exploratory_held_out_positive,0.4991647166283976,0.4981462956872887,0.0010184209411089329
CLIENT-MOUSE-0032,C_max_unknown_full_field,exploratory_held_out_positive,0.4751910937063963,0.4951744702930687,-0.01998337658667243
CLIENT-MOUSE-0033,C_max_unknown_full_field,exploratory_held_out_positive,0.5050399205822643,0.4990380027697156,0.006001917812548718
CLIENT-MOUSE-0034,C_max_unknown_full_field,exploratory_held_out_positive,0.5054537967670166,0.4991163165133494,0.006337480253667205
CLIENT-MOUSE-0035,C_max_unknown_full_field,exploratory_held_out_positive,0.5068740884488853,0.4994749265052406,0.00739916194364465
CLIENT-MOUSE-0036,C_max_unknown_full_field,exploratory_held_out_positive,0.4731927130656014,0.49493752275806435,-0.021744809692462952
CLIENT-MOUSE-0037,C_max_unknown_full_field,exploratory_held_out_positive,0.4738231389865025,0.4950121971887415,-0.021189058202238986
CLIENT-MOUSE-0038,C_max_unknown_full_field,all_subject_fit_negative_NOT_TEST,0.4982711242858538,,
CLIENT-MOUSE-0030,C_top3_unknown_full_field,exploratory_held_out_positive,0.41013461424151054,0.4883601991683995,-0.07822558492688897
CLIENT-MOUSE-0031,C_top3_unknown_full_field,exploratory_held_out_positive,0.48440412699520935,0.49670941568721777,-0.01230528869200842
CLIENT-MOUSE-0032,C_top3_unknown_full_field,exploratory_held_out_positive,0.4979493879109051,0.4999916713630912,-0.0020422834521861
CLIENT-MOUSE-0033,C_top3_unknown_full_field,exploratory_held_out_positive,0.4963793116794118,0.49815457615435244,-0.001775264474940641
CLIENT-MOUSE-0034,C_top3_unknown_full_field,exploratory_held_out_positive,0.5053356941076661,0.4996145695698213,0.005721124537844791
CLIENT-MOUSE-0035,C_top3_unknown_full_field,exploratory_held_out_positive,0.4953529114124849,0.4980245759600638,-0.002671664547578889
CLIENT-MOUSE-0036,C_top3_unknown_full_field,exploratory_held_out_positive,0.5053082218148082,0.49959913237141934,0.005709089443388826
CLIENT-MOUSE-0037,C_top3_unknown_full_field,exploratory_held_out_positive,0.5051455159898506,0.4995318964834714,0.005613619506379175
CLIENT-MOUSE-0038,C_top3_unknown_full_field,all_subject_fit_negative_NOT_TEST,0.4986410640204538,,
CLIENT-MOUSE-0030,F_photometric_unknown_full_field,exploratory_held_out_positive,0.47829178010784346,0.30274438668178943,0.17554739342605402
CLIENT-MOUSE-0031,F_photometric_unknown_full_field,exploratory_held_out_positive,0.47337656402996797,0.29733647233445626,0.1760400916955117
CLIENT-MOUSE-0032,F_photometric_unknown_full_field,exploratory_held_out_positive,0.8438884915600197,0.32092214099821664,0.522966350561803
CLIENT-MOUSE-0033,F_photometric_unknown_full_field,exploratory_held_out_positive,0.6673157037086674,0.3246287963832663,0.34268690732540114
CLIENT-MOUSE-0034,F_photometric_unknown_full_field,exploratory_held_out_positive,0.7578162110468791,0.3310687480560952,0.4267474629907839
CLIENT-MOUSE-0035,F_photometric_unknown_full_field,exploratory_held_out_positive,0.8169965228064792,0.3133959994569143,0.5036005233495648
CLIENT-MOUSE-0036,F_photometric_unknown_full_field,exploratory_held_out_positive,0.5673843326482114,0.3197029499632275,0.2476813826849839
CLIENT-MOUSE-0037,F_photometric_unknown_full_field,exploratory_held_out_positive,0.6957686226577013,0.33135258821433833,0.364416034443363
CLIENT-MOUSE-0038,F_photometric_unknown_full_field,all_subject_fit_negative_NOT_TEST,0.3182843431483159,,
CLIENT-MOUSE-0030,F_photometric_0038_anchor_unknown_full_field,exploratory_held_out_positive,0.6239549750521959,0.24227477908009193,0.38168019597210395
CLIENT-MOUSE-0031,F_photometric_0038_anchor_unknown_full_field,exploratory_held_out_positive,0.5824262800532045,0.23910563619172193,0.3433206438614826
CLIENT-MOUSE-0032,F_photometric_0038_anchor_unknown_full_field,exploratory_held_out_positive,0.862903566061442,0.252293312778207,0.610610253283235
CLIENT-MOUSE-0033,F_photometric_0038_anchor_unknown_full_field,exploratory_held_out_positive,0.7903051580733487,0.25104672367043945,0.5392584344029092
CLIENT-MOUSE-0034,F_photometric_0038_anchor_unknown_full_field,exploratory_held_out_positive,0.7938640967634526,0.25873045290113705,0.5351336438623155
CLIENT-MOUSE-0035,F_photometric_0038_anchor_unknown_full_field,exploratory_held_out_positive,0.7858529426127155,0.24302990630650909,0.5428230363062064
CLIENT-MOUSE-0036,F_photometric_0038_anchor_unknown_full_field,exploratory_held_out_positive,0.6253082477920638,0.24986088099984272,0.3754473667922211
CLIENT-MOUSE-0037,F_photometric_0038_anchor_unknown_full_field,exploratory_held_out_positive,0.7625308782476649,0.2590852860652158,0.503445592182449
CLIENT-MOUSE-0038,F_photometric_0038_anchor_unknown_full_field,all_subject_fit_negative_NOT_TEST,0.2458875202770792,,
CLIENT-MOUSE-0030,A_reencoded_global,exploratory_held_out_positive,0.8641946047786602,0.014130348223764154,0.850064256554896
CLIENT-MOUSE-0031,A_reencoded_global,exploratory_held_out_positive,0.9272978579851267,0.015163589828733436,0.9121342681563932
CLIENT-MOUSE-0032,A_reencoded_global,exploratory_held_out_positive,0.9326460170707076,0.01497742330108148,0.9176685937696262
CLIENT-MOUSE-0033,A_reencoded_global,exploratory_held_out_positive,0.9780319418015128,0.014562658646871994,0.9634692831546408
CLIENT-MOUSE-0034,A_reencoded_global,exploratory_held_out_positive,0.8588223748568758,0.01414047814684453,0.8446818967100314
CLIENT-MOUSE-0035,A_reencoded_global,exploratory_held_out_positive,0.8612356957817525,0.014978942170512577,0.84625675361124
CLIENT-MOUSE-0036,A_reencoded_global,exploratory_held_out_positive,0.8692448947656309,0.014885580797855248,0.8543593139677756
CLIENT-MOUSE-0037,A_reencoded_global,exploratory_held_out_positive,0.9665298128245907,0.015080640763822305,0.9514491720607684
CLIENT-MOUSE-0038,A_reencoded_global,all_subject_fit_negative_NOT_TEST,0.015111505221122425,,
