subject_id,filename,response_area_fraction,component_count,morphology_descriptor,observable_fraction,comparable_fraction,global_anomaly_score,mean_persistence,core_hyperthermia_score,abnormal_skin_behavior_score,static_signal_evidence_score,clinical_claim
CLIENT-MOUSE-0030,IMG-20260910-WA0030.jpg,0.037841796875,1,branched/complex,0.02838134765625,0.02838134765625,0.7628003358840942,0.3129032254219055,0.36758124828338623,0.5977659910917282,0.4642588402628899,NONE
CLIENT-MOUSE-0031,IMG-20260910-WA0031.jpg,0.057169596354166664,2,focal/irregular-region,0.042877197265625,0.042877197265625,0.5652148723602295,0.22384341061115265,0.14489580690860748,0.4671849043370354,0.28025722782854723,NONE
CLIENT-MOUSE-0032,IMG-20260910-WA0032.jpg,0.10609944661458333,1,branched/complex,0.0795745849609375,0.0795745849609375,1.0,0.325407475233078,0.2443884313106537,0.8246404594122964,0.4880942831133436,NONE
CLIENT-MOUSE-0033,IMG-20260910-WA0033.jpg,0.11100260416666667,2,branched/complex,0.083251953125,0.083251953125,1.0,0.26356303691864014,0.34375491738319397,0.7870784425141175,0.5299507979381818,NONE
CLIENT-MOUSE-0034,IMG-20260910-WA0034.jpg,0.12223307291666667,1,branched/complex,0.0916748046875,0.0916748046875,1.0,0.25432756543159485,0.393828809261322,0.7360852202527057,0.5375765018777031,NONE
CLIENT-MOUSE-0035,IMG-20260910-WA0035.jpg,0.10660807291666667,1,focal/irregular-region,0.0799560546875,0.0799560546875,0.9730901122093201,0.30858778953552246,0.6174834370613098,0.7123465090990067,0.6573259273171425,NONE
CLIENT-MOUSE-0036,IMG-20260910-WA0036.jpg,0.1240234375,1,diffuse/large-region,0.093017578125,0.093017578125,0.8702344298362732,0.2942366600036621,0.4731002449989319,0.6522537182087661,0.5483447037470622,NONE
CLIENT-MOUSE-0037,IMG-20260910-WA0037.jpg,0.14261881510416666,1,diffuse/large-region,0.106964111328125,0.106964111328125,1.0,0.30042797327041626,0.6516294479370117,0.79400856250448,0.7114286760553483,NONE
CLIENT-MOUSE-0038,IMG-20260910-WA0038.jpg,0.062357584635416664,1,focal/irregular-region,0.0467681884765625,0.0467681884765625,1.0,0.32729747891426086,0.20524105429649353,0.8318243697285652,0.4684060467779636,NONE
