subject_id,image_id,tumor_status,tumor_size_value,tumor_size_unit,tumor_volume_value,tumor_volume_unit,measurement_method,measurement_timepoint,control_or_baseline,notes
CLIENT-MOUSE-0030,IMG-20260910-WA0030.jpg,TUMOR_BEARING,,,,,,,TUMOR,"Client class map relayed by project owner on 2026-09-11; model target is tumor presence/absence, not tumor size"
CLIENT-MOUSE-0031,IMG-20260910-WA0031.jpg,TUMOR_BEARING,,,,,,,TUMOR,"Client class map relayed by project owner on 2026-09-11; model target is tumor presence/absence, not tumor size"
CLIENT-MOUSE-0032,IMG-20260910-WA0032.jpg,TUMOR_BEARING,,,,,,,TUMOR,"Client class map relayed by project owner on 2026-09-11; model target is tumor presence/absence, not tumor size"
CLIENT-MOUSE-0033,IMG-20260910-WA0033.jpg,TUMOR_BEARING,,,,,,,TUMOR,"Client class map relayed by project owner on 2026-09-11; model target is tumor presence/absence, not tumor size"
CLIENT-MOUSE-0034,IMG-20260910-WA0034.jpg,TUMOR_BEARING,,,,,,,TUMOR,"Client class map relayed by project owner on 2026-09-11; model target is tumor presence/absence, not tumor size"
CLIENT-MOUSE-0035,IMG-20260910-WA0035.jpg,TUMOR_BEARING,,,,,,,TUMOR,"Client class map relayed by project owner on 2026-09-11; model target is tumor presence/absence, not tumor size"
CLIENT-MOUSE-0036,IMG-20260910-WA0036.jpg,TUMOR_BEARING,,,,,,,TUMOR,"Client class map relayed by project owner on 2026-09-11; model target is tumor presence/absence, not tumor size"
CLIENT-MOUSE-0037,IMG-20260910-WA0037.jpg,TUMOR_BEARING,,,,,,,TUMOR,"Client class map relayed by project owner on 2026-09-11; model target is tumor presence/absence, not tumor size"
CLIENT-MOUSE-0038,IMG-20260910-WA0038.jpg,HEALTHY,,,,,,,CONTROL,"Client class map relayed by project owner on 2026-09-11; this is the only no-tumor mouse in the supplied 9-image cohort; model target is tumor presence/absence, not tumor size"
