source_id,modality,species,subjects_or_cases,labels,label_provenance,license_or_access,intended_use,status,notes
client_device_mice_20260910,contact-LCT,mouse,9,all tumor-bearing; tumor size pending,client statement/private experiment,private client-provided,target-domain internal development positives + tumor-burden evaluation,available,"canonical rows remain non-trainable source evidence; after PR #33 they may be promoted only into an internal-CV manifest once genuine same-domain controls pass the gate"
publication_dataset_zero,contact-LCT/reference,unknown/clinical figures,26 extracted plates,UNASSIGNED/publication annotations where explicitly stated,publication figures/reference extraction,mixed publication rights; do not redistribute blindly,reference-only morphology + retrieval,available,compressed/annotated figures not raw clinical training data
DMR_IR_figshare,infrared thermography,human,hundreds reported in literature,normal/abnormal,clinical dataset metadata + literature,CC BY 4.0 Figshare copy,auxiliary IR representation/classifier pretraining,candidate,IR is not contact LCT; preserve patient grouping
Mendeley_mhrt4svjxc_v3,infrared thermography,human,119,84 benign; 35 malignant,pathology report associated with each patient,Attribution-NonCommercial 3.0,auxiliary IR supervised training + transfer experiments,candidate,3 views per patient; group by patient; noncommercial license
Braster_ThermaALG,contact-LCT,human,274,cancer/noncancer study outcome,study reference standard,study publication; raw images not publicly exposed,evidence/model-design precedent only,metadata-only,do not fabricate dataset from performance table
Braster_INNOMED,contact-LCT,human,approximately 3000,BIRADS-based study groups / expert+automatic analysis,study protocol/program,raw images not publicly exposed,evidence/model-design precedent + possible outreach target,metadata-only,large relevant LCT cohort but no verified public raw image release
Davison_1972_LCT,contact-LCT,human,"197 apparently healthy women; 105 women with abnormal breast characteristics; 17 histology-proven carcinoma used to derive signs","healthy normal-pattern cohort plus fibrocystic/fibroadenoma/carcinoma groups","paper abstract reports apparently healthy/no breast abnormalities; carcinoma subset histologically proven","article is publicly accessible/free-to-access; figure/reuse rights require case-by-case verification","historical normal-pattern taxonomy + negative/control evidence + archive/data-access lead",publication-only,"strong proof that substantial human no-abnormality contact-LCT cohorts existed; no verified downloadable subject-level raw image dataset"
Ewing_1973_LCT,contact-LCT,human,"10 apparently healthy women examined daily for 28-45 consecutive days","apparently healthy repeated normal breast thermography","study abstract identifies subjects as apparently healthy","institutional/public PDF located; image reuse/training rights not yet verified","normal-pattern stability/reference + archive/data-access lead",publication-only,"repeated contact-LCT observations are scientifically useful but do not substitute for same-device mouse controls and are not a verified raw training dataset"
Malaysia_LCT_2026_observed,contact-LCT,human,2 illustrated observed cases,"1 biopsy-confirmed malignant; 1 biopsy-confirmed benign fibrocystic change",biopsy/histopathology described in 2026 review,CC BY 4.0 article figures subject to figure-specific credit,open-license pathology-linked reference exemplars,available,"single true-positive and single true-negative exemplar; reference-only, not a train/test cohort"
